{"cameraMode":{"drawMode":0,"name":"Shaded","section":"Shading Mode"},"sceneLighting":false,"audioPlay":false,"sceneViewState":{"showFog":true,"showMaterialUpdate":false,"showSkybox":false,"showFlares":true,"showImageEffects":true,"showParticleSystems":true},"in2DMode":false,"pivot":{"x":8.779999732971192,"y":6.880000114440918,"z":-20.860000610351564},"rotation":{"x":0.25318530201911929,"y":-0.1922873854637146,"z":0.051436297595500949,"w":0.9467656016349793},"size":33.45633316040039,"orthographic":false}